{"cameraMode":{"drawMode":0,"name":"Shaded","section":"Shading Mode"},"sceneLighting":true,"audioPlay":false,"sceneViewState":{"m_AlwaysRefresh":false,"showFog":true,"showSkybox":true,"showFlares":true,"showImageEffects":true,"showParticleSystems":true,"showVisualEffectGraphs":true,"m_FxEnabled":true},"in2DMode":false,"pivot":{"x":38.45545196533203,"y":5.685871124267578,"z":46.292327880859378},"rotation":{"x":-0.24254919588565827,"y":0.09932719171047211,"z":-0.024975622072815896,"w":-0.9647434949874878},"size":56.724029541015628,"orthographic":false}